age,2015_city+village_all_younger,2015_city+village_all_older,2015_city+village_men_younger,2015_city+village_men_older,2015_city+village_women_younger,2015_city+village_women_older,2015_city_all_younger,2015_city_all_older,2015_city_men_younger,2015_city_men_older,2015_city_women_younger,2015_city_women_older,2015_village_all_younger,2015_village_all_older,2015_village_men_younger,2015_village_men_older,2015_village_women_younger,2015_village_women_older,2001_city+village_all_younger,2001_city+village_all_older,2001_city+village_men_younger,2001_city+village_men_older,2001_city+village_women_younger,2001_city+village_women_older,2001_city_all_younger,2001_city_all_older,2001_city_men_younger,2001_city_men_older,2001_city_women_younger,2001_city_women_older,2001_village_all_younger,2001_village_all_older,2001_village_men_younger,2001_village_men_older,2001_village_women_younger,2001_village_women_older
0,98.91,0,98.795,0,99.021,0,98.972,0,98.845,0,99.079,0,98.794,0,98.68,0,98.89,0,99.25,0,99.176,0,99.326,0,99.318,0,99.242,0,99.384,0,99.132,0,99.04,0,99.20,0
1,97.81,1.0829,97.567,1.2046,98.026,0.9780,97.917,1.0276,97.658,1.1544,98.137,0.9201,97.585,1.2050,97.37,1.312,97.77,1.109,98.46,0.7427,98.292,0.8236,98.610,0.6731,98.604,0.6811,98.444,0.7575,98.742,0.6156,98.176,0.8674,97.98,0.956,98.33,0.790
2,96.67,2.1859,96.297,2.4326,96.998,1.9735,96.825,2.0824,96.428,2.3415,97.162,1.8627,96.339,2.4147,96.01,2.628,96.62,2.224,97.65,1.5366,97.400,1.7071,97.881,1.3899,97.883,1.3950,97.639,1.5559,98.091,1.2571,97.205,1.8232,96.92,2.010,97.45,1.660
3,95.57,3.3260,95.071,3.7028,96.005,3.0014,95.771,3.1744,95.243,3.5717,96.218,2.8377,95.135,3.6608,94.70,3.984,95.52,3.371,96.80,2.3407,96.454,2.5992,97.102,2.1182,97.115,2.1167,96.789,2.3602,97.395,1.9080,96.169,2.7940,95.78,3.079,96.50,2.546
4,94.48,4.4267,93.859,4.9288,95.022,3.9942,94.726,4.2285,94.068,4.7562,95.283,3.7813,93.948,4.8645,93.40,5.299,94.43,4.476,95.90,3.1973,95.462,3.5453,96.287,2.8977,96.309,2.8843,95.893,3.2104,96.666,2.6049,95.089,3.8306,94.59,4.218,95.51,3.493
5,93.36,5.5160,92.607,6.1409,94.011,4.9777,93.638,5.2737,92.844,5.9313,94.312,4.7164,92.750,6.0512,92.09,6.591,93.33,5.569,94.94,4.0940,94.394,4.5377,95.415,3.7120,95.437,3.6904,94.925,4.1064,95.876,3.3339,93.942,4.9106,93.32,5.404,94.47,4.481
6,92.24,6.6382,91.362,7.3927,93.004,5.9882,92.547,6.3613,91.617,7.1559,93.336,5.6878,91.574,7.2498,90.81,7.901,92.25,6.667,93.94,5.0568,93.283,5.6050,94.505,4.5849,94.527,4.5624,93.913,5.0748,95.053,4.1233,92.751,6.0570,92.01,6.670,93.38,5.524
7,91.21,7.7554,90.216,8.6375,92.070,6.9955,91.543,7.4522,90.491,8.3826,92.435,6.6635,90.480,8.4251,89.62,9.185,91.24,7.746,92.89,6.0598,92.127,6.7160,93.559,5.4949,93.578,5.4722,92.857,6.0861,94.197,4.9461,91.518,7.2486,90.66,7.981,92.26,6.612
8,90.20,8.7874,89.099,9.7832,91.155,7.9296,90.559,8.4561,89.391,9.5082,91.550,7.5644,89.419,9.5191,88.47,10.37,90.26,8.755,91.78,7.1026,90.900,7.8724,92.553,6.4400,92.560,6.4213,91.725,7.1428,93.276,5.8029,90.227,8.4812,89.24,9.338,91.08,7.736
9,89.27,9.7955,88.061,10.900,90.313,8.8441,89.648,9.4400,88.367,10.608,90.734,8.4495,88.438,10.580,87.40,11.52,89.36,9.736,90.59,8.2112,89.580,9.0995,91.475,7.4466,91.454,7.4394,90.495,8.2745,92.275,6.7236,88.868,9.7729,87.74,10.75,89.84,8.918
10,88.33,10.728,87.022,11.938,89.466,9.6865,88.733,10.351,87.342,11.632,89.912,9.2658,87.456,11.561,86.33,12.59,88.45,10.63,89.31,9.4010,88.161,10.419,90.313,8.5246,90.237,8.5458,89.138,9.5045,91.178,7.7242,87.458,11.131,86.19,12.25,88.55,10.15
11,87.44,11.664,86.031,12.977,88.656,10.533,87.875,11.266,86.382,12.657,89.140,10.087,86.484,12.543,85.27,13.66,87.56,11.54,87.97,10.681,86.672,11.838,89.096,9.6860,88.940,9.7629,87.695,10.861,90.007,8.8213,86.022,12.541,84.61,13.80,87.24,11.44
12,86.58,12.558,85.079,13.968,87.885,11.343,87.072,12.124,85.480,13.617,88.421,10.859,85.515,13.515,84.21,14.72,86.67,12.43,86.57,12.024,85.118,13.327,87.822,10.903,87.564,11.059,86.168,12.304,88.761,9.9927,84.561,13.977,83.00,15.38,85.91,12.75
13,85.76,13.413,84.164,14.920,87.142,12.114,86.307,12.927,84.621,14.519,87.735,11.578,84.566,14.484,83.18,15.78,85.80,13.32,85.06,13.428,83.455,14.881,86.455,12.177,86.075,12.435,84.518,13.831,87.409,11.238,83.029,15.438,81.31,16.99,84.51,14.08
14,84.91,14.235,83.223,15.835,86.376,12.857,85.553,13.692,83.775,15.378,87.059,12.264,83.513,15.433,82.03,16.81,84.83,14.19,83.51,14.932,81.733,16.544,85.046,13.544,84.534,13.924,82.807,15.481,86.014,12.590,81.449,16.970,79.57,18.68,83.07,15.48
15,84.05,15.082,82.272,16.776,85.599,13.623,84.781,14.446,82.912,16.224,86.365,12.940,82.465,16.486,80.89,17.96,83.86,15.16,81.86,16.486,79.915,18.266,83.547,14.953,82.847,15.465,80.949,17.192,84.473,13.985,79.885,18.550,77.83,20.42,81.66,16.92
16,83.14,15.940,81.264,17.727,84.767,14.400,83.952,15.218,81.993,17.087,85.613,13.634,81.364,17.534,79.69,19.10,82.85,16.13,80.26,18.132,78.152,20.084,82.091,16.452,81.177,17.152,79.115,19.050,82.944,15.526,78.432,20.114,76.21,22.16,80.35,18.33
17,82.19,16.853,80.208,18.735,83.900,15.232,83.038,16.047,80.983,18.006,84.781,14.386,80.321,18.635,78.54,20.30,81.90,17.14,78.62,19.730,76.338,21.847,80.594,17.908,79.349,18.822,77.129,20.884,81.253,17.055,77.160,21.567,74.74,23.78,79.25,19.64
18,81.15,17.808,79.056,19.791,82.960,16.099,82.018,16.961,79.851,19.016,83.854,15.218,79.244,19.678,77.34,21.45,80.93,18.09,76.95,21.374,74.495,23.661,79.078,19.405,77.430,20.650,74.992,22.870,79.520,18.746,76.003,22.839,73.49,25.25,78.18,20.74
19,80.06,18.846,77.848,20.943,81.979,17.039,80.957,17.981,78.665,20.148,82.900,16.145,78.103,20.755,76.09,22.65,79.89,19.06,75.44,23.041,72.814,25.504,77.706,20.921,75.721,22.569,73.064,25.007,77.998,20.479,74.881,23.996,72.31,26.50,77.11,21.81
20,78.93,19.931,76.588,22.151,80.960,18.020,79.852,19.042,77.425,21.334,81.909,17.099,76.917,21.896,74.79,23.90,78.81,20.10,73.96,24.556,71.189,27.185,76.352,22.293,74.097,24.278,71.283,26.935,76.510,22.001,73.694,25.118,71.00,27.68,76.03,22.88
21,77.74,21.062,75.260,23.411,79.879,19.039,78.692,20.147,76.126,22.574,80.868,18.090,75.641,23.082,73.39,25.20,77.64,21.18,72.45,26.035,69.532,28.810,74.969,23.647,72.458,25.902,69.490,28.716,75.001,23.489,72.446,26.305,69.61,28.99,74.90,23.96
22,76.46,22.257,73.836,24.739,78.719,20.120,77.461,21.307,74.750,23.873,79.759,19.131,74.247,24.358,71.87,26.60,76.36,22.35,71.01,27.545,67.958,30.467,73.654,25.030,70.931,27.541,67.827,30.509,73.592,24.998,71.197,27.553,68.22,30.38,73.78,25.09
23,75.09,23.539,72.319,26.163,77.481,21.280,76.143,22.538,73.279,25.249,78.570,20.240,72.772,25.752,70.25,28.12,75.01,23.63,69.59,28.980,66.399,32.041,72.339,26.345,69.424,29.068,66.191,32.172,72.194,26.407,69.930,28.802,66.81,31.77,72.63,26.21
24,73.65,24.907,70.730,27.680,76.181,22.518,74.746,23.856,71.727,26.720,77.304,21.429,71.257,27.227,68.58,29.74,73.64,24.98,68.20,30.408,64.892,33.600,71.059,27.660,67.968,30.575,64.618,33.808,70.839,27.805,68.689,30.069,65.44,33.18,71.50,27.36
25,72.16,26.341,69.074,29.269,74.819,23.818,73.266,25.253,70.095,28.272,75.954,22.695,69.719,28.742,66.88,31.41,72.25,26.35,66.74,31.793,63.301,35.107,69.706,28.940,66.425,32.031,62.950,35.381,69.403,29.160,67.387,31.310,64.00,34.55,70.32,28.49
26,70.57,27.838,67.321,30.925,73.371,25.180,71.672,26.733,68.346,29.904,74.491,24.045,68.139,30.280,65.11,33.11,70.83,27.74,65.31,33.256,61.758,36.698,68.381,30.293,64.931,33.574,61.343,37.049,68.007,30.596,66.099,32.612,62.59,35.99,69.14,29.67
27,68.93,29.428,65.512,32.678,71.876,26.628,70.022,28.327,66.538,31.653,72.975,25.508,66.521,31.860,63.30,34.88,69.38,29.16,63.91,34.681,60.245,38.241,67.078,31.618,63.476,35.068,59.782,38.656,66.643,31.992,64.809,33.900,61.17,37.40,67.96,30.85
28,67.19,31.068,63.598,34.487,70.285,28.123,68.221,29.977,64.577,33.461,71.310,27.024,64.913,33.478,61.49,36.69,67.96,30.61,62.55,36.082,58.778,39.754,65.809,32.921,62.071,36.523,58.280,40.217,65.321,33.356,63.539,35.190,59.78,38.82,66.80,32.03
29,65.50,32.808,61.748,36.401,68.737,29.714,66.444,31.778,62.650,35.422,69.660,28.689,63.425,35.086,59.81,38.50,66.65,32.03,61.15,37.442,57.269,41.221,64.493,34.190,60.617,37.928,56.735,41.719,63.944,34.678,62.233,36.460,58.34,40.21,65.61,33.19
30,63.77,34.496,59.855,38.251,67.155,31.262,64.564,33.555,60.617,37.349,67.910,30.339,62.037,36.574,58.21,40.18,65.44,33.34,59.76,38.848,55.771,42.730,63.193,35.506,59.176,39.382,55.210,43.264,62.576,36.055,60.940,37.766,56.89,41.65,64.44,34.38
31,62.02,36.222,57.942,40.144,65.549,32.844,62.611,35.435,58.457,39.382,66.132,32.089,60.743,37.962,56.83,41.78,64.23,34.55,58.38,40.239,54.291,44.228,61.904,36.806,57.752,40.823,53.706,44.789,61.221,37.423,59.656,39.059,55.46,43.10,63.29,35.55
32,60.43,37.970,56.200,42.057,64.090,34.450,60.855,37.388,56.491,41.542,64.553,33.867,59.520,39.256,55.57,43.16,63.04,35.76,57.10,41.617,52.921,45.708,60.698,38.095,56.444,42.247,52.339,46.293,59.963,38.778,58.429,40.343,54.09,44.53,62.19,36.70
33,58.89,39.560,54.530,43.799,62.662,35.909,59.194,39.144,54.691,43.508,63.010,35.446,58.248,40.479,54.18,44.42,61.87,36.95,55.79,42.898,51.531,47.078,59.471,39.301,55.124,43.555,50.967,47.660,58.687,40.036,57.163,41.570,52.66,45.90,61.06,37.80
34,57.32,41.100,52.825,45.469,61.202,37.337,57.511,40.805,52.877,45.308,61.438,36.989,56.917,41.751,52.71,45.81,60.66,38.12,54.50,44.201,50.159,48.468,58.250,40.528,53.814,44.875,49.615,49.032,57.413,41.312,55.909,42.836,51.25,47.33,59.95,38.93
35,55.84,42.673,51.221,47.174,59.821,38.797,55.944,42.488,51.197,47.122,59.968,38.561,55.614,43.082,51.27,47.28,59.48,39.33,53.17,45.492,48.745,49.840,56.983,41.749,52.452,46.185,48.213,50.384,56.084,42.586,54.631,44.090,49.81,48.74,58.81,40.04
36,54.36,44.157,49.640,48.778,58.441,40.178,54.395,44.055,49.542,48.802,58.508,40.031,54.310,44.385,49.85,48.72,58.29,40.51,51.84,46.827,47.350,51.254,55.720,43.016,51.080,47.547,46.806,51.786,54.742,43.915,53.404,45.368,48.44,50.18,57.71,41.18
37,52.94,45.631,48.120,50.359,57.100,41.558,52.907,45.604,47.961,50.457,57.099,41.491,53.028,45.689,48.46,50.14,57.10,41.70,50.45,48.151,45.881,52.649,54.383,44.279,49.627,48.919,45.322,53.193,53.317,45.257,52.115,46.595,47.00,51.55,56.55,42.28
38,51.44,47.054,46.522,51.879,55.687,42.899,51.338,47.092,46.291,52.038,55.616,42.900,51.683,46.971,47.01,51.53,55.84,42.89,48.95,49.549,44.315,54.118,52.948,45.616,48.070,50.372,43.737,54.677,51.783,46.682,50.745,47.884,45.47,52.99,55.32,43.44
39,49.97,48.554,44.968,53.477,54.292,44.312,49.815,48.661,44.684,53.708,54.164,44.383,50.335,48.316,45.57,52.98,54.58,44.15,47.42,51.044,42.715,55.684,51.471,47.051,46.462,51.929,42.111,56.262,50.192,48.216,49.359,49.254,43.93,54.52,54.07,44.67
40,48.54,50.022,43.462,55.031,52.931,45.707,48.351,50.184,43.142,55.315,52.766,45.835,48.986,49.664,44.14,54.42,53.30,45.41,45.83,52.578,41.058,57.284,49.940,48.528,44.788,53.537,40.416,57.888,48.536,49.807,47.942,50.640,42.34,56.06,52.79,45.92
41,47.15,51.450,41.996,56.537,51.603,47.068,46.936,51.648,41.654,56.857,51.413,47.233,47.646,51.013,42.73,55.85,52.03,46.69,44.17,54.168,39.332,58.941,48.341,50.059,43.035,55.211,38.638,59.583,46.804,51.463,46.476,52.057,40.72,57.65,51.46,47.20
42,45.72,52.842,40.495,58.003,50.228,48.396,45.480,53.063,40.136,58.345,50.009,48.586,46.263,52.353,41.26,57.26,50.72,47.96,42.58,55.826,37.691,60.667,46.798,51.658,41.361,56.964,36.960,61.361,45.133,53.195,45.062,53.523,39.16,59.27,50.18,48.53
43,44.30,54.275,39.007,59.504,48.867,49.771,44.042,54.519,38.643,59.863,48.618,49.990,44.883,53.736,39.78,58.73,49.43,49.27,41.00,57.414,36.062,62.308,45.262,53.201,39.689,58.638,35.288,63.039,43.461,54.866,43.671,54.937,37.61,60.83,48.92,49.81
44,42.89,55.695,37.537,60.992,47.517,51.132,42.622,55.957,37.173,61.356,47.240,51.381,43.510,55.116,38.31,60.21,48.14,50.56,39.48,58.993,34.496,63.937,43.773,54.737,38.081,60.310,33.687,64.711,41.848,56.538,42.315,56.328,36.12,62.38,47.69,51.07
45,41.60,57.101,36.198,62.462,46.267,52.482,41.335,57.377,35.859,62.826,45.977,52.759,42.208,56.489,36.92,61.68,46.92,51.85,37.96,60.518,32.954,65.503,42.286,56.226,36.462,61.918,32.084,66.312,40.215,58.151,41.018,57.684,34.70,63.87,46.50,52.30
46,40.29,58.392,34.845,63.801,44.994,53.732,40.044,58.664,34.553,64.140,44.699,54.022,40.857,57.791,35.47,63.07,45.66,53.07,36.53,62.030,31.497,67.045,40.871,57.713,34.934,63.537,30.574,67.915,38.671,59.784,39.774,58.981,33.35,65.29,45.35,53.49
47,39.00,59.701,33.524,65.154,43.731,55.005,38.775,59.955,33.283,65.446,43.430,55.300,39.521,59.142,34.04,64.52,44.41,54.33,35.06,63.464,30.012,68.502,39.418,59.128,33.361,65.065,29.024,69.425,37.079,61.328,38.518,60.225,31.99,66.64,44.17,54.64
48,37.68,60.992,32.172,66.475,42.426,56.268,37.461,61.224,31.976,66.716,42.111,56.569,38.164,60.478,32.59,65.95,43.13,55.58,33.71,64.932,28.651,69.987,38.071,60.581,31.901,66.638,27.593,70.975,35.593,62.920,37.382,61.481,30.77,68.00,43.11,55.82
49,36.36,62.319,30.848,67.827,41.125,57.573,36.142,62.538,30.674,68.023,40.777,57.888,36.871,61.835,31.22,67.40,41.91,56.86,32.28,66.285,27.219,71.348,36.645,61.928,30.362,68.098,26.086,72.406,34.027,64.406,36.175,62.617,29.49,69.22,41.97,56.88
50,35.00,63.630,29.477,69.151,39.761,58.874,34.766,63.857,29.325,69.325,39.377,59.222,35.523,63.128,29.80,68.77,40.63,58.08,30.86,67.714,25.802,72.780,35.231,63.354,28.843,69.637,24.598,73.913,32.481,65.972,34.971,63.824,28.22,70.50,40.83,58.02
51,33.54,64.997,28.030,70.522,38.297,60.238,33.294,65.233,27.896,70.674,37.868,60.622,34.104,64.476,28.31,70.19,39.26,59.36,29.46,69.130,24.401,74.197,33.817,64.768,27.330,71.156,23.122,75.401,30.937,67.518,33.774,65.028,26.97,71.77,39.68,59.16
52,32.06,66.453,26.564,71.969,36.794,61.702,31.785,66.705,26.447,72.103,36.309,62.131,32.668,65.895,26.81,71.68,37.89,60.73,27.99,70.537,22.952,75.598,32.326,66.182,25.761,72.669,21.603,76.877,29.325,69.062,32.499,66.225,25.66,73.02,38.43,60.31
53,30.52,67.939,25.052,73.435,35.237,63.205,30.213,68.214,24.935,73.552,34.686,63.690,31.210,67.331,25.30,73.18,36.48,62.10,26.79,72.009,21.778,77.047,31.117,67.673,24.491,74.238,20.370,78.396,28.023,70.674,31.463,67.500,24.60,74.33,37.41,61.56
54,28.93,69.476,23.500,74.947,33.619,64.762,28.581,69.786,23.372,75.064,32.997,65.313,29.721,68.789,23.77,74.69,35.02,63.51,25.68,73.202,20.699,78.221,29.977,68.882,23.298,75.508,19.222,79.629,26.791,71.976,30.514,68.536,23.66,75.39,36.46,62.58
55,27.42,71.063,22.045,76.499,32.067,66.380,27.038,71.418,21.919,76.627,31.377,67.002,28.292,70.278,22.31,76.22,33.62,64.97,24.64,74.314,19.706,79.300,28.899,70.022,22.185,76.701,18.164,80.777,25.632,73.208,29.625,69.485,22.80,76.33,35.54,63.53
56,25.94,72.570,20.621,77.954,30.523,67.932,25.507,72.961,20.490,78.080,29.759,68.622,26.897,71.707,20.90,77.68,32.25,66.37,23.94,75.353,19.051,80.293,28.163,71.100,21.455,77.814,17.480,81.835,24.862,74.367,28.991,70.374,22.20,77.19,34.88,64.45
57,24.52,74.059,19.279,79.378,29.039,69.476,24.055,74.492,19.150,79.509,28.212,70.240,25.555,73.102,19.55,79.09,30.91,67.74,23.12,76.051,18.283,80.948,27.294,71.836,20.679,78.544,16.751,82.519,24.046,75.137,28.076,71.008,21.36,77.79,33.90,65.11
58,23.12,75.477,17.966,80.720,27.559,70.960,22.594,75.944,17.812,80.849,26.647,71.787,24.283,74.444,18.29,80.44,29.62,69.08,22.38,76.873,17.595,81.716,26.504,72.705,19.991,79.320,16.108,83.248,23.319,75.953,27.222,71.923,20.58,78.63,32.98,66.09
59,21.82,76.879,16.764,82.033,26.175,72.440,21.245,77.405,16.590,82.187,25.191,73.352,23.090,75.716,17.13,81.70,28.40,70.37,21.40,77.616,16.696,82.404,25.462,73.495,19.077,80.008,15.259,83.891,22.349,76.680,26.122,72.777,19.58,79.41,31.80,67.01
60,20.49,78.179,15.551,83.235,24.751,73.824,19.860,78.754,15.347,83.409,23.686,74.808,21.891,76.909,15.98,82.86,27.15,71.59,20.14,78.592,15.536,83.303,24.108,74.537,17.858,80.922,14.138,84.740,21.047,77.650,24.765,73.877,18.34,80.41,30.34,68.19
61,19.29,79.506,14.468,84.448,23.448,75.248,18.598,80.139,14.232,84.652,22.299,76.313,20.825,78.108,14.97,84.01,26.04,72.84,18.83,79.856,14.351,84.463,22.699,75.891,16.607,82.141,12.994,85.861,19.704,78.952,23.351,75.234,17.07,81.65,28.79,69.65
62,18.04,80.707,13.359,85.531,22.085,76.551,17.292,81.401,13.088,85.767,20.855,77.700,19.714,79.174,13.94,85.02,24.86,73.95,17.41,81.161,13.083,85.648,21.149,77.300,15.237,83.392,11.766,87.005,18.212,80.295,21.829,76.648,15.72,82.92,27.12,71.20
63,16.81,81.952,12.268,86.640,20.736,77.914,16.004,82.707,11.961,86.911,19.430,79.144,18.615,80.285,12.92,86.05,23.69,75.13,15.94,82.581,11.778,86.916,19.535,78.850,13.833,84.762,10.518,88.233,16.675,81.787,20.224,78.170,14.31,84.27,25.35,72.87
64,15.61,83.182,11.211,87.731,19.403,79.263,14.738,83.995,10.863,88.038,18.022,80.569,17.542,81.384,11.95,87.07,22.52,76.30,14.43,84.052,10.427,88.221,17.877,80.464,12.383,86.166,9.2292,89.481,15.086,83.324,18.575,79.775,12.83,85.68,23.55,74.64
65,14.38,84.387,10.153,88.788,18.020,80.596,13.458,85.261,9.7760,89.136,16.579,81.977,16.415,82.457,10.96,88.04,21.28,77.47,13.21,85.568,9.3515,89.572,16.547,82.122,11.265,87.616,8.2336,90.770,13.864,84.913,17.169,81.424,11.59,87.16,22.00,76.44
66,13.36,85.619,9.2894,89.846,16.873,81.979,12.404,86.541,8.8848,90.223,15.386,83.420,15.484,83.584,10.15,89.03,20.23,78.71,12.20,86.781,8.4528,90.648,15.435,83.452,10.349,88.734,7.4153,91.766,12.864,86.135,15.961,82.830,10.53,88.40,20.67,77.99
67,12.47,86.636,8.5503,90.710,15.857,83.126,11.477,87.595,8.1135,91.115,14.328,84.613,14.681,84.515,9.488,89.84,19.31,79.76,11.45,87.794,7.7927,91.547,14.610,84.564,9.6911,89.650,6.8242,92.584,12.148,87.135,15.028,84.038,9.738,89.46,19.62,79.32
68,11.62,87.524,7.8636,91.449,14.871,84.142,10.589,88.522,7.3889,91.886,13.301,85.671,13.924,85.318,8.883,90.51,18.42,80.68,10.79,88.543,7.2235,92.207,13.861,85.389,9.1237,90.308,6.3280,93.175,11.519,87.851,14.164,84.971,9.022,90.26,18.62,80.37
69,11.07,88.371,7.4313,92.136,14.220,85.128,10.024,89.410,6.9411,92.611,12.637,86.698,13.407,86.075,8.484,91.11,17.80,81.57,9.955,89.209,6.5336,92.776,12.901,86.138,8.4064,90.876,5.7229,93.671,10.706,88.480,13.090,85.835,8.162,90.97,17.36,81.37
70,10.45,88.921,6.9529,92.568,13.468,85.779,9.4477,89.975,6.4925,93.058,11.952,87.362,12.674,86.592,7.942,91.51,16.89,82.19,9.080,90.044,5.8107,93.466,11.895,87.098,7.6531,91.593,5.0949,94.277,9.8458,89.293,11.969,86.909,7.249,91.83,16.06,82.63
71,9.901,89.546,6.5371,93.047,12.799,86.531,8.9456,90.552,6.1060,93.507,11.352,88.047,12.012,87.325,7.463,92.05,16.07,83.10,8.053,90.919,4.9879,94.189,10.692,88.104,6.7794,92.346,4.3832,94.905,8.8333,90.154,10.631,88.030,6.203,92.75,14.47,83.93
72,9.206,90.098,6.0239,93.462,11.947,87.200,8.3111,91.054,5.6285,93.893,10.584,88.647,11.183,87.987,6.873,92.53,15.02,83.92,7.130,91.946,4.2698,95.012,9.5920,89.307,5.9851,93.220,3.7564,95.616,7.8953,91.166,9.4466,89.368,5.301,93.79,13.04,85.52
73,8.307,90.793,5.3624,93.976,10.843,88.052,7.4558,91.688,4.9873,94.371,9.5482,89.415,10.187,88.816,6.168,93.12,13.77,84.97,6.179,92.869,3.5526,95.730,8.4405,90.407,5.1632,94.014,3.1183,96.243,6.9159,92.104,8.2356,90.553,4.425,94.69,11.54,86.95
74,7.411,91.692,4.7121,94.637,9.7368,89.156,6.6137,92.544,4.3601,95.012,8.5237,90.451,9.1739,89.812,5.468,93.83,12.48,86.22,5.312,93.820,2.9177,96.447,7.3736,91.559,4.4019,94.836,2.5304,96.881,6.0061,93.084,7.1544,91.764,3.695,95.57,10.15,88.45
75,6.481,92.588,4.0657,95.287,8.5623,90.263,5.7302,93.386,3.7341,95.639,7.4220,91.476,8.1408,90.826,4.778,94.53,11.14,87.51,4.524,94.687,2.3943,97.082,6.3582,92.626,3.7089,95.598,2.0460,97.469,5.1343,93.993,6.1748,92.845,3.094,96.30,8.849,89.84
76,5.545,93.518,3.4259,95.934,7.3711,91.437,4.8524,94.269,3.1246,96.265,6.3168,92.577,7.0760,91.859,4.073,95.22,9.756,88.85,3.813,95.475,1.9526,97.605,5.4143,93.641,3.0999,96.291,1.6576,97.953,4.3360,94.865,5.2559,93.825,2.545,96.90,7.609,91.15
77,4.626,94.454,2.7967,96.574,6.2027,92.628,3.9870,95.147,2.5278,96.875,5.2239,93.683,6.0391,92.923,3.374,95.92,8.417,90.24,3.177,96.186,1.5841,98.047,4.5490,94.585,2.5689,96.900,1.3531,98.342,3.6110,95.663,4.4089,94.744,2.048,97.45,6.458,92.39
78,3.916,95.373,2.3110,97.203,5.2995,93.797,3.3405,96.012,2.0741,97.472,4.4138,94.776,5.1889,93.960,2.820,96.62,7.303,91.58,2.647,96.822,1.2875,98.415,3.8188,95.450,2.1336,97.431,1.1096,98.646,3.0112,96.388,3.6885,95.591,1.645,97.95,5.462,93.54
79,3.364,96.083,1.9381,97.688,4.5930,94.700,2.8504,96.659,1.7349,97.925,3.7960,95.586,4.4997,94.811,2.374,97.17,6.396,92.69,2.199,97.352,1.0521,98.712,3.1877,96.181,1.7832,97.866,0.9185,98.890,2.5243,96.988,3.0427,96.311,1.320,98.35,4.538,94.53
80,2.976,96.635,1.6784,98.061,4.0951,95.406,2.5139,97.149,1.4990,98.265,3.3741,96.203,3.9990,95.500,2.063,97.62,5.726,93.60,1.824,97.800,0.8505,98.947,2.6621,96.812,1.4817,98.216,0.7479,99.081,2.1105,97.475,2.5170,96.957,1.056,98.67,3.785,95.46
81,2.667,97.023,1.4783,98.321,3.6912,95.904,2.2542,97.486,1.3221,98.500,3.0443,96.625,3.5792,96.000,1.813,97.93,5.155,94.27,1.536,98.175,0.6981,99.149,2.2583,97.337,1.2480,98.518,0.6161,99.252,1.7896,97.889,2.1205,97.482,0.862,98.94,3.212,96.21
82,2.297,97.332,1.2527,98.521,3.1966,96.308,1.9416,97.745,1.1228,98.677,2.6356,96.955,3.0820,96.420,1.531,98.18,4.465,94.84,1.279,98.463,0.5674,99.301,1.8931,97.741,1.0379,98.751,0.5012,99.383,1.4979,98.210,1.7693,97.879,0.700,99.13,2.697,96.78
83,1.943,97.702,1.0341,98.747,2.7259,96.803,1.6389,98.058,0.9301,98.877,2.2397,97.364,2.6146,96.917,1.257,98.46,3.825,95.53,1.050,98.720,0.4530,99.432,1.5641,98.106,0.8438,98.962,0.3966,99.498,1.2271,98.502,1.4676,98.230,0.566,99.29,2.250,97.30
84,1.541,98.056,0.7946,98.965,2.1856,97.274,1.2998,98.361,0.7151,99.069,1.7953,97.760,2.0766,97.385,0.965,98.74,3.068,96.17,0.916,98.949,0.3888,99.546,1.3707,98.435,0.7277,99.156,0.3369,99.603,1.0626,98.772,1.2985,98.532,0.493,99.43,1.997,97.74
85,1.239,98.458,0.6294,99.205,1.7648,97.814,1.0459,98.700,0.5708,99.284,1.4485,98.204,1.6668,97.923,0.755,99.03,2.480,96.93,0.781,99.083,0.3266,99.611,1.1729,98.629,0.6130,99.272,0.2796,99.663,0.8988,98.937,1.1222,98.701,0.421,99.50,1.730,98.00
86,0.952,98.760,0.4777,99.370,1.3604,98.235,0.8056,98.954,0.4379,99.429,1.1173,98.551,1.2752,98.333,0.563,99.24,1.910,97.51,0.637,99.218,0.2620,99.673,0.9611,98.827,0.4931,99.386,0.2209,99.720,0.7263,99.101,0.9304,98.877,0.344,99.57,1.439,98.26
87,0.718,99.047,0.3516,99.522,1.0341,98.639,0.6074,99.194,0.3232,99.562,0.8484,98.882,0.9631,98.724,0.412,99.43,1.454,98.08,0.478,99.362,0.1952,99.737,0.7226,99.038,0.3660,99.506,0.1624,99.779,0.5404,99.273,0.7067,99.069,0.261,99.65,1.093,98.56
88,0.525,99.281,0.2548,99.648,0.7594,98.965,0.4414,99.392,0.2320,99.676,0.6188,99.151,0.7127,99.036,0.303,99.58,1.077,98.54,0.357,99.521,0.1417,99.804,0.5432,99.277,0.2689,99.633,0.1164,99.837,0.3996,99.459,0.5367,99.293,0.192,99.73,0.835,98.90
89,0.374,99.474,0.1820,99.745,0.5407,99.240,0.3147,99.558,0.1653,99.767,0.4413,99.381,0.5073,99.287,0.217,99.69,0.765,98.92,0.243,99.642,0.0953,99.858,0.3704,99.456,0.1785,99.731,0.0761,99.883,0.2663,99.600,0.3738,99.463,0.133,99.80,0.582,99.16
90,0.259,99.625,0.1305,99.817,0.3710,99.459,0.2210,99.685,0.1222,99.834,0.3047,99.558,0.3453,99.492,0.148,99.78,0.521,99.23,0.174,99.756,0.0662,99.904,0.2667,99.629,0.1261,99.821,0.0521,99.923,0.1895,99.733,0.2710,99.626,0.094,99.86,0.424,99.41
91,0.184,99.740,0.0961,99.869,0.2611,99.628,0.1601,99.778,0.0926,99.877,0.2173,99.695,0.2392,99.654,0.103,99.85,0.360,99.47,0.114,99.825,0.0429,99.933,0.1756,99.733,0.0829,99.873,0.0335,99.947,0.1251,99.810,0.1777,99.728,0.061,99.90,0.278,99.57
92,0.130,99.815,0.0716,99.903,0.1813,99.738,0.1201,99.839,0.0722,99.907,0.1608,99.782,0.1535,99.760,0.070,99.89,0.227,99.63,0.079,99.885,0.0288,99.957,0.1229,99.824,0.0571,99.917,0.0225,99.966,0.0868,99.874,0.1244,99.822,0.041,99.93,0.196,99.72
93,0.088,99.869,0.0500,99.928,0.1213,99.818,0.0827,99.879,0.0510,99.927,0.1096,99.839,0.1007,99.846,0.047,99.92,0.147,99.77,0.053,99.920,0.0189,99.971,0.0830,99.877,0.0381,99.942,0.0148,99.977,0.0580,99.913,0.0842,99.875,0.026,99.95,0.133,99.80
94,0.053,99.911,0.0297,99.949,0.0733,99.878,0.0511,99.917,0.0311,99.948,0.0680,99.890,0.0576,99.899,0.026,99.95,0.085,99.85,0.034,99.946,0.0117,99.981,0.0542,99.916,0.0245,99.961,0.0091,99.985,0.0377,99.941,0.0548,99.915,0.016,99.97,0.087,99.86
95,0.040,99.946,0.0231,99.970,0.0556,99.926,0.0400,99.948,0.0243,99.968,0.0532,99.931,0.0419,99.942,0.020,99.97,0.061,99.91,0.022,99.965,0.0072,99.988,0.0350,99.945,0.0156,99.975,0.0057,99.990,0.0242,99.962,0.0352,99.945,0.010,99.98,0.056,99.91
96,0.028,99.959,0.0169,99.976,0.0381,99.944,0.0298,99.959,0.0185,99.975,0.0394,99.946,0.0248,99.958,0.013,99.97,0.035,99.93,0.014,99.977,0.0045,99.992,0.0224,99.964,0.0099,99.984,0.0036,99.994,0.0152,99.975,0.0227,99.964,0.006,99.98,0.036,99.94
97,0.020,99.971,0.0121,99.983,0.0281,99.961,0.0220,99.970,0.0133,99.981,0.0293,99.960,0.0178,99.975,0.009,99.98,0.025,99.96,0.009,99.985,0.0026,99.995,0.0144,99.977,0.0062,99.990,0.0022,99.996,0.0096,99.984,0.0146,99.977,0.003,99.99,0.024,99.96
98,0.017,99.979,0.0101,99.987,0.0233,99.971,0.0188,99.977,0.0111,99.986,0.0254,99.970,0.0136,99.982,0.008,99.99,0.018,99.97,0.005,99.990,0.0015,99.997,0.0087,99.985,0.0035,99.993,0.0012,99.997,0.0055,99.990,0.0091,99.985,0.002,99.99,0.015,99.97
99,0.014,99.982,0.0085,99.989,0.0204,99.976,0.0164,99.981,0.0094,99.988,0.0223,99.974,0.0114,99.986,0.006,99.99,0.015,99.98,0.003,99.994,0.0008,99.998,0.0052,99.991,0.0020,99.996,0.0007,99.998,0.0031,99.994,0.0055,99.990,0.001,99.99,0.009,99.98
100,0,99.985,0,99.991,0,99.979,0,99.983,0,99.990,0,99.977,0,99.988,0,99.99,0,99.98,0,99.996,0,99.999,0,99.994,0,99.997,0,99.999,0,99.996,0,99.994,0,99.99,0,99.99